CI_Lower,CI_Upper,Term
3.7831159395487743,4.873673289347432,(Intercept)
-2.2799724832900643,0.5314084149655041,Fat_Proportion
