Variable,Mean,SD,Median,IQR
Depression_Score,4,4.671755402465846,2,5
Fat_Proportion,0.37561633616633966,0.09688713729852844,0.37920308483290494,0.12455857612392784
